movieId,avgRating,agreeCount,title,genres,
1,4.70833333333,12,Toy Story (1995),Adventure|Animation|Children|Comedy|Fantasy
1019,4.23076923077,13,"20,000 Leagues Under the Sea (1954)",Adventure|Drama|Sci-Fi
1022,4.42307692308,13,Cinderella (1950),Animation|Children|Fantasy|Musical|Romance
1028,4.58333333333,12,Mary Poppins (1964),Children|Comedy|Fantasy|Musical
1029,4.92307692308,13,Dumbo (1941),Animation|Children|Drama|Musical
1035,4.35714285714,14,"Sound of Music, The (1965)",Musical|Romance
1036,4.42857142857,14,Die Hard (1988),Action|Crime|Thriller
105,4.54545454545,11,"Bridges of Madison County, The (1995)",Drama|Romance
1057,4.7,10,Everyone Says I Love You (1996),Comedy|Musical|Romance
1059,4.04545454545,11,William Shakespeare's Romeo + Juliet (1996),Drama|Romance
1077,4.5,10,Sleeper (1973),Comedy|Sci-Fi
1079,4.64285714286,14,"Fish Called Wanda, A (1988)",Comedy|Crime
1080,4.61538461538,13,Monty Python's Life of Brian (1979),Comedy
1084,4.66666666667,15,Bonnie and Clyde (1967),Crime|Drama
1086,4.42307692308,13,Dial M for Murder (1954),Crime|Mystery|Thriller
1089,4.53571428571,14,Reservoir Dogs (1992),Crime|Mystery|Thriller
1090,4.76666666667,15,Platoon (1986),Drama|War
1094,4.34615384615,13,"Crying Game, The (1992)",Drama|Romance|Thriller
1095,4.68181818182,11,Glengarry Glen Ross (1992),Drama
1096,4.5,10,Sophie's Choice (1982),Drama
1097,4.85714285714,14,E.T. the Extra-Terrestrial (1982),Children|Drama|Sci-Fi
11,4.34615384615,13,"American President, The (1995)",Comedy|Drama|Romance
110,4.03571428571,14,Braveheart (1995),Action|Drama|War
1103,4.75,12,Rebel Without a Cause (1955),Drama
1104,4.96153846154,13,"Streetcar Named Desire, A (1951)",Drama
111,4.76666666667,15,Taxi Driver (1976),Crime|Drama|Thriller
1120,4.45454545455,11,"People vs. Larry Flynt, The (1996)",Comedy|Drama
1124,4.5,13,On Golden Pond (1981),Drama
1127,4.33333333333,15,"Abyss, The (1989)",Action|Adventure|Sci-Fi|Thriller
1131,4.68181818182,11,Jean de Florette (1986),Drama|Mystery
1132,4.72727272727,11,Manon of the Spring (Manon des sources) (1986),Drama
1136,4.6,15,Monty Python and the Holy Grail (1975),Adventure|Comedy|Fantasy
1172,5.0,14,Cinema Paradiso (Nuovo cinema Paradiso) (1989),Drama
1178,4.8,10,Paths of Glory (1957),Drama|War
1179,4.55,10,"Grifters, The (1990)",Crime|Drama|Film-Noir
1183,4.36666666667,15,"English Patient, The (1996)",Drama|Romance|War
1185,4.5,11,My Left Foot (1989),Drama
1186,4.31818181818,11,"Sex, Lies, and Videotape (1989)",Drama
1193,4.96666666667,15,One Flew Over the Cuckoo's Nest (1975),Drama
1196,4.73333333333,15,Star Wars: Episode V - The Empire Strikes Back (1980),Action|Adventure|Sci-Fi
1197,4.23333333333,15,"Princess Bride, The (1987)",Action|Adventure|Comedy|Fantasy|Romance
1198,4.78571428571,14,Raiders of the Lost Ark (Indiana Jones and the Raiders of the Lost Ark) (1981),Action|Adventure
1199,4.30769230769,13,Brazil (1985),Fantasy|Sci-Fi
1200,4.53571428571,14,Aliens (1986),Action|Adventure|Horror|Sci-Fi
1201,4.5,14,"Good, the Bad and the Ugly, The (Buono, il brutto, il cattivo, Il) (1966)",Action|Adventure|Western
1203,4.96666666667,15,12 Angry Men (1957),Drama
1204,4.73333333333,15,Lawrence of Arabia (1962),Adventure|Drama|War
1206,4.66666666667,15,"Clockwork Orange, A (1971)",Crime|Drama|Sci-Fi|Thriller
1207,4.82142857143,14,To Kill a Mockingbird (1962),Drama
1208,4.7,15,Apocalypse Now (1979),Action|Drama|War
1210,4.33333333333,15,Star Wars: Episode VI - Return of the Jedi (1983),Action|Adventure|Sci-Fi
1212,4.65384615385,13,"Third Man, The (1949)",Film-Noir|Mystery|Thriller
1213,4.92857142857,14,Goodfellas (1990),Crime|Drama
1214,4.42857142857,14,Alien (1979),Horror|Sci-Fi
1217,4.53846153846,13,Ran (1985),Drama|War
1219,4.96666666667,15,Psycho (1960),Crime|Horror
1220,4.20833333333,12,"Blues Brothers, The (1980)",Action|Comedy|Musical
1221,4.96428571429,14,"Godfather: Part II, The (1974)",Crime|Drama
1222,4.76666666667,15,Full Metal Jacket (1987),Drama|War
1224,4.19230769231,13,Henry V (1989),Action|Drama|Romance|War
1225,4.63333333333,15,Amadeus (1984),Drama
1226,4.95,10,"Quiet Man, The (1952)",Drama|Romance
1227,4.0,10,Once Upon a Time in America (1984),Crime|Drama
1228,4.82142857143,14,Raging Bull (1980),Drama
1230,4.92857142857,14,Annie Hall (1977),Comedy|Romance
1231,4.8,10,"Right Stuff, The (1983)",Drama
1233,4.56666666667,15,"Boot, Das (Boat, The) (1981)",Action|Drama|War
1234,4.60714285714,14,"Sting, The (1973)",Comedy|Crime
1238,4.45,10,Local Hero (1983),Comedy
1240,4.25,14,"Terminator, The (1984)",Action|Sci-Fi|Thriller
1242,4.93333333333,15,Glory (1989),Drama|War
1244,4.76923076923,13,Manhattan (1979),Comedy|Drama|Romance
1245,4.35,10,Miller's Crossing (1990),Crime|Drama|Film-Noir|Thriller
1246,4.3,15,Dead Poets Society (1989),Drama
1247,5.0,15,"Graduate, The (1967)",Comedy|Drama|Romance
1248,4.46153846154,13,Touch of Evil (1958),Crime|Film-Noir|Thriller
1250,4.92857142857,14,"Bridge on the River Kwai, The (1957)",Adventure|Drama|War
1251,4.4,10,8 1/2 (8½) (1963),Drama|Fantasy
1252,4.93333333333,15,Chinatown (1974),Crime|Film-Noir|Mystery|Thriller
1253,4.5,11,"Day the Earth Stood Still, The (1951)",Drama|Sci-Fi|Thriller
1254,4.75,14,"Treasure of the Sierra Madre, The (1948)",Action|Adventure|Drama|Western
1256,4.41666666667,12,Duck Soup (1933),Comedy|Musical|War
1258,4.13333333333,15,"Shining, The (1980)",Horror
1259,4.53333333333,15,Stand by Me (1986),Adventure|Drama
1262,4.67857142857,14,"Great Escape, The (1963)",Action|Adventure|Drama|War
1263,4.73333333333,15,"Deer Hunter, The (1978)",Drama|War
1265,4.60714285714,14,Groundhog Day (1993),Comedy|Fantasy|Romance
1266,4.42857142857,14,Unforgiven (1992),Drama|Western
1267,4.7,15,"Manchurian Candidate, The (1962)",Crime|Thriller|War
1269,4.31818181818,11,Arsenic and Old Lace (1944),Comedy|Mystery|Thriller
1270,4.56666666667,15,Back to the Future (1985),Adventure|Comedy|Sci-Fi
1271,4.20833333333,12,Fried Green Tomatoes (1991),Comedy|Crime|Drama
1272,4.66666666667,15,Patton (1970),Drama|War
1276,4.61538461538,13,Cool Hand Luke (1967),Drama
1278,4.14285714286,14,Young Frankenstein (1974),Comedy|Fantasy
1280,4.77272727273,11,Raise the Red Lantern (Da hong deng long gao gao gua) (1991),Drama
1281,4.625,12,"Great Dictator, The (1940)",Comedy|Drama|War
1282,4.36666666667,15,Fantasia (1940),Animation|Children|Fantasy|Musical
1283,4.76923076923,13,High Noon (1952),Drama|Western
1284,4.84615384615,13,"Big Sleep, The (1946)",Crime|Film-Noir|Mystery
1285,4.08333333333,12,Heathers (1989),Comedy
1287,4.7,15,Ben-Hur (1959),Action|Adventure|Drama
1288,4.54166666667,12,This Is Spinal Tap (1984),Comedy
1291,4.5,15,Indiana Jones and the Last Crusade (1989),Action|Adventure
1293,4.53333333333,15,Gandhi (1982),Drama
1299,4.78571428571,14,"Killing Fields, The (1984)",Drama|War
1301,4.59090909091,11,Forbidden Planet (1956),Drama|Sci-Fi
1302,4.875,12,Field of Dreams (1989),Children|Drama|Fantasy
1303,4.35,10,"Man Who Would Be King, The (1975)",Adventure|Drama
1304,4.86666666667,15,Butch Cassidy and the Sundance Kid (1969),Action|Western
1307,4.66666666667,15,When Harry Met Sally... (1989),Comedy|Romance
1321,4.11538461538,13,"American Werewolf in London, An (1981)",Comedy|Horror|Thriller
1333,4.53571428571,14,"Birds, The (1963)",Horror|Thriller
1339,4.14285714286,14,Dracula (Bram Stoker's Dracula) (1992),Fantasy|Horror|Romance|Thriller
1340,4.15,10,"Bride of Frankenstein, The (Bride of Frankenstein) (1935)",Drama|Horror|Sci-Fi
1343,4.25,12,Cape Fear (1991),Thriller
1344,4.31818181818,11,Cape Fear (1962),Crime|Drama|Thriller
1354,4.1,10,Breaking the Waves (1996),Drama|Mystery
1357,4.53846153846,13,Shine (1996),Drama|Romance
1358,4.53846153846,13,Sling Blade (1996),Drama
1370,4.26923076923,13,Die Hard 2 (1990),Action|Adventure|Thriller
1374,4.14285714286,14,Star Trek II: The Wrath of Khan (1982),Action|Adventure|Sci-Fi|Thriller
1375,4.0,11,Star Trek III: The Search for Spock (1984),Action|Adventure|Sci-Fi
1387,4.8,15,Jaws (1975),Action|Horror
1393,4.11538461538,13,Jerry Maguire (1996),Drama|Romance
1394,4.13333333333,15,Raising Arizona (1987),Comedy
1396,4.08333333333,12,Sneakers (1992),Action|Comedy|Crime|Drama|Sci-Fi
1407,4.0,12,Scream (1996),Comedy|Horror|Mystery|Thriller
1408,4.42857142857,14,"Last of the Mohicans, The (1992)",Action|Romance|War|Western
141,4.34615384615,13,"Birdcage, The (1996)",Comedy
1411,4.54545454545,11,Hamlet (1996),Crime|Drama|Romance
1466,4.45,10,Donnie Brasco (1997),Crime|Drama
150,4.73333333333,15,Apollo 13 (1995),Adventure|Drama|IMAX
1500,4.27272727273,11,Grosse Pointe Blank (1997),Comedy|Crime|Romance
151,4.06666666667,15,Rob Roy (1995),Action|Drama|Romance|War
1573,4.5,12,Face/Off (1997),Action|Crime|Drama|Thriller
1580,4.5,15,Men in Black (a.k.a. MIB) (1997),Action|Comedy|Sci-Fi
1584,4.42857142857,14,Contact (1997),Drama|Sci-Fi
16,4.16666666667,12,Casino (1995),Crime|Drama
1608,4.23076923077,13,Air Force One (1997),Action|Thriller
161,4.39285714286,14,Crimson Tide (1995),Drama|Thriller|War
1610,4.3,15,"Hunt for Red October, The (1990)",Action|Adventure|Thriller
1617,4.93333333333,15,L.A. Confidential (1997),Crime|Film-Noir|Mystery|Thriller
162,4.05,10,Crumb (1994),Documentary
1625,4.04166666667,12,"Game, The (1997)",Drama|Mystery|Thriller
1641,4.39285714286,14,"Full Monty, The (1997)",Comedy|Drama
1643,4.2,10,"Mrs. Brown (a.k.a. Her Majesty, Mrs. Brown) (1997)",Drama|Romance
1653,4.28571428571,14,Gattaca (1997),Drama|Sci-Fi|Thriller
1673,4.46153846154,13,Boogie Nights (1997),Drama
1674,4.58333333333,12,Witness (1985),Drama|Romance|Thriller
1678,4.36363636364,11,"Joy Luck Club, The (1993)",Drama|Romance
1682,4.46153846154,13,"Truman Show, The (1998)",Comedy|Drama|Sci-Fi
1694,4.38461538462,13,"Apostle, The (1997)",Drama
17,4.63636363636,11,Sense and Sensibility (1995),Drama|Romance
1704,4.43333333333,15,Good Will Hunting (1997),Drama|Romance
1719,4.3,10,"Sweet Hereafter, The (1997)",Drama
1721,4.26923076923,13,Titanic (1997),Drama|Romance
1747,4.5,13,Wag the Dog (1997),Comedy
1784,4.66666666667,15,As Good as It Gets (1997),Comedy|Drama|Romance
1834,4.6,10,"Spanish Prisoner, The (1997)",Crime|Drama|Mystery|Thriller
1883,4.36363636364,11,Bulworth (1998),Comedy|Drama|Romance
1907,4.36363636364,11,Mulan (1998),Adventure|Animation|Children|Comedy|Drama|Musical|Romance
1923,4.07142857143,14,There's Something About Mary (1998),Comedy|Romance
1927,4.66666666667,12,All Quiet on the Western Front (1930),Action|Drama|War
1931,4.45,10,Mutiny on the Bounty (1935),Adventure|Drama
1935,4.6,10,How Green Was My Valley (1941),Drama|Musical|Romance
1939,4.7,10,"Best Years of Our Lives, The (1946)",Drama|War
1944,4.5,12,From Here to Eternity (1953),Drama|Romance|War
1945,4.96428571429,14,On the Waterfront (1954),Crime|Drama
1946,4.54545454545,11,Marty (1955),Drama|Romance
1947,4.26666666667,15,West Side Story (1961),Drama|Musical|Romance
1950,4.63636363636,11,In the Heat of the Night (1967),Drama|Mystery
1952,4.76923076923,13,Midnight Cowboy (1969),Drama
1953,4.63333333333,15,"French Connection, The (1971)",Action|Crime|Thriller
1954,4.07692307692,13,Rocky (1976),Drama
1955,4.61538461538,13,Kramer vs. Kramer (1979),Drama
1956,4.59090909091,11,Ordinary People (1980),Drama
1957,4.68181818182,11,Chariots of Fire (1981),Drama
1959,4.41666666667,12,Out of Africa (1985),Drama|Romance
1960,4.25,12,"Last Emperor, The (1987)",Drama
1961,4.7,15,Rain Man (1988),Drama
1962,4.7,15,Driving Miss Daisy (1989),Drama
1968,4.46666666667,15,"Breakfast Club, The (1985)",Comedy|Drama
1994,4.32142857143,14,Poltergeist (1982),Horror|Thriller
1997,4.67857142857,14,"Exorcist, The (1973)",Horror|Mystery
2000,4.60714285714,14,Lethal Weapon (1987),Action|Comedy|Crime|Drama
2001,4.0,14,Lethal Weapon 2 (1989),Action|Comedy|Crime|Drama
2003,4.07142857143,14,Gremlins (1984),Comedy|Horror
2010,4.27272727273,11,Metropolis (1927),Drama|Sci-Fi
2018,4.91666666667,12,Bambi (1942),Animation|Children|Drama
2019,4.5,15,Seven Samurai (Shichinin no samurai) (1954),Action|Adventure|Drama
2020,4.66666666667,15,Dangerous Liaisons (1988),Drama|Romance
2022,4.45,10,"Last Temptation of Christ, The (1988)",Drama
2028,4.75,14,Saving Private Ryan (1998),Action|Drama|War
2064,4.15384615385,13,Roger & Me (1989),Documentary
2065,4.7,10,"Purple Rose of Cairo, The (1985)",Comedy|Drama|Fantasy|Romance
2067,4.21428571429,14,Doctor Zhivago (1965),Drama|Romance|War
2076,4.11538461538,13,Blue Velvet (1986),Drama|Mystery|Thriller
2078,4.45454545455,11,"Jungle Book, The (1967)",Animation|Children|Comedy|Musical
2080,4.88461538462,13,Lady and the Tramp (1955),Animation|Children|Comedy|Romance
2081,4.75,12,"Little Mermaid, The (1989)",Animation|Children|Comedy|Musical|Romance
2085,4.3,10,101 Dalmatians (One Hundred and One Dalmatians) (1961),Adventure|Animation|Children
2087,4.04166666667,12,Peter Pan (1953),Animation|Children|Fantasy|Musical
2096,4.30769230769,13,Sleeping Beauty (1959),Animation|Children|Musical
21,4.11538461538,13,Get Shorty (1995),Comedy|Crime|Thriller
2100,4.0,14,Splash (1984),Comedy|Fantasy|Romance
2108,4.10714285714,14,L.A. Story (1991),Comedy|Romance
2130,4.8,10,Atlantic City (1980),Crime|Drama|Romance
2132,4.53846153846,13,Who's Afraid of Virginia Woolf? (1966),Drama
2150,4.10714285714,14,"Gods Must Be Crazy, The (1980)",Adventure|Comedy
2160,4.72727272727,11,Rosemary's Baby (1968),Drama|Horror|Thriller
2183,4.1,10,"Man Who Knew Too Much, The (1956)",Adventure|Drama|Mystery|Thriller
2186,4.81818181818,11,Strangers on a Train (1951),Crime|Drama|Film-Noir|Thriller
2194,4.67857142857,14,"Untouchables, The (1987)",Action|Crime|Drama
22,4.4,10,Copycat (1995),Crime|Drama|Horror|Mystery|Thriller
2202,4.55,10,Lifeboat (1944),Drama|War
2208,4.85,10,"Lady Vanishes, The (1938)",Drama|Mystery|Thriller
2231,4.22727272727,11,Rounders (1998),Drama
2243,4.64285714286,14,Broadcast News (1987),Comedy|Drama|Romance
2268,4.67857142857,14,"Few Good Men, A (1992)",Crime|Drama|Thriller
2288,4.07692307692,13,"Thing, The (1982)",Action|Horror|Sci-Fi|Thriller
2289,4.58333333333,12,"Player, The (1992)",Comedy|Crime|Drama
2291,4.1,15,Edward Scissorhands (1990),Drama|Fantasy|Romance
2294,4.45454545455,11,Antz (1998),Adventure|Animation|Children|Comedy|Fantasy
230,4.0,10,Dolores Claiborne (1995),Drama|Thriller
2300,4.5,11,"Producers, The (1968)",Comedy
2303,4.75,12,Nashville (1975),Drama|Musical
2313,4.21428571429,14,"Elephant Man, The (1980)",Drama
232,4.45454545455,11,Eat Drink Man Woman (Yin shi nan nu) (1994),Comedy|Drama|Romance
2321,4.42307692308,13,Pleasantville (1998),Comedy|Drama|Fantasy
2324,4.58333333333,12,Life Is Beautiful (La Vita è bella) (1997),Comedy|Drama|Romance|War
2329,4.30769230769,13,American History X (1998),Crime|Drama
2333,4.35,10,Gods and Monsters (1998),Drama
2336,4.53571428571,14,Elizabeth (1998),Drama
235,4.39285714286,14,Ed Wood (1994),Comedy|Drama
2352,4.70833333333,12,"Big Chill, The (1983)",Comedy|Drama
2353,4.27272727273,11,Enemy of the State (1998),Action|Thriller
2355,4.73076923077,13,"Bug's Life, A (1998)",Adventure|Animation|Children|Comedy
2359,4.25,12,Waking Ned Devine (a.k.a. Waking Ned) (1998),Comedy
2366,4.5,14,King Kong (1933),Action|Adventure|Fantasy|Horror
2391,4.65384615385,13,"Simple Plan, A (1998)",Crime|Drama|Thriller
2395,4.13636363636,11,Rushmore (1998),Comedy|Drama
2396,4.64285714286,14,Shakespeare in Love (1998),Comedy|Drama|Romance
2407,4.18181818182,11,Cocoon (1985),Comedy|Sci-Fi
2455,4.14285714286,14,"Fly, The (1986)",Drama|Horror|Sci-Fi|Thriller
246,4.18181818182,11,Hoop Dreams (1994),Documentary
247,4.625,12,Heavenly Creatures (1994),Crime|Drama
2474,4.20833333333,12,"Color of Money, The (1986)",Drama
25,4.42857142857,14,Leaving Las Vegas (1995),Drama|Romance
2511,4.2,10,"Long Goodbye, The (1973)",Crime|Film-Noir
2529,4.06666666667,15,Planet of the Apes (1968),Action|Drama|Sci-Fi
253,4.0,13,Interview with the Vampire: The Vampire Chronicles (1994),Drama|Horror
2565,4.72727272727,11,"King and I, The (1956)",Drama|Musical|Romance
2571,4.66666666667,15,"Matrix, The (1999)",Action|Sci-Fi|Thriller
2599,4.58333333333,12,Election (1999),Comedy
260,4.8,15,Star Wars: Episode IV - A New Hope (1977),Action|Adventure|Sci-Fi
262,4.27272727273,11,"Little Princess, A (1995)",Children|Drama
2640,4.25,14,Superman (1978),Action|Adventure|Sci-Fi
2648,4.58333333333,12,Frankenstein (1931),Drama|Horror|Sci-Fi
265,4.54545454545,11,Like Water for Chocolate (Como agua para chocolate) (1992),Drama|Fantasy|Romance
2657,4.40909090909,11,"Rocky Horror Picture Show, The (1975)",Comedy|Horror|Musical|Sci-Fi
266,4.03571428571,14,Legends of the Fall (1994),Drama|Romance|War|Western
2664,4.75,10,Invasion of the Body Snatchers (1956),Horror|Sci-Fi|Thriller
2686,4.2,10,"Red Violin, The (Violon rouge, Le) (1998)",Drama|Mystery
2692,4.46428571429,14,Run Lola Run (Lola rennt) (1998),Action|Crime
2699,4.0,14,Arachnophobia (1990),Comedy|Horror
2712,4.34615384615,13,Eyes Wide Shut (1999),Drama|Mystery|Thriller
2716,4.16666666667,15,Ghostbusters (a.k.a. Ghost Busters) (1984),Action|Comedy|Sci-Fi
272,4.11538461538,13,"Madness of King George, The (1994)",Comedy|Drama
2728,4.32142857143,14,Spartacus (1960),Action|Drama|Romance|War
2739,4.26923076923,13,"Color Purple, The (1985)",Drama
2761,4.7,10,"Iron Giant, The (1999)",Adventure|Animation|Children|Drama|Sci-Fi
2762,4.83333333333,15,"Sixth Sense, The (1999)",Drama|Horror|Mystery
2770,4.36363636364,11,Bowfinger (1999),Comedy
2791,4.64285714286,14,Airplane! (1980),Comedy
2797,4.66666666667,15,Big (1988),Comedy|Drama|Fantasy|Romance
2804,4.65384615385,13,"Christmas Story, A (1983)",Children|Comedy
2819,4.45454545455,11,Three Days of the Condor (3 Days of the Condor) (1975),Drama|Mystery|Romance|Thriller
2841,4.0,10,Stir of Echoes (1999),Horror|Mystery|Thriller
2857,4.5,11,Yellow Submarine (1968),Adventure|Animation|Comedy|Fantasy|Musical
2858,4.86666666667,15,American Beauty (1999),Comedy|Drama
2863,4.66666666667,12,"Hard Day's Night, A (1964)",Adventure|Comedy|Musical
2871,4.68181818182,11,Deliverance (1972),Adventure|Drama|Thriller
290,4.6,10,Once Were Warriors (1994),Crime|Drama
2908,4.69230769231,13,Boys Don't Cry (1999),Drama
2912,4.3,10,"Limey, The (1999)",Crime|Drama|Thriller
2915,4.09090909091,11,Risky Business (1983),Comedy
2916,4.23076923077,13,Total Recall (1990),Action|Adventure|Sci-Fi|Thriller
2917,4.40909090909,11,Body Heat (1981),Crime|Thriller
2918,4.42857142857,14,Ferris Bueller's Day Off (1986),Comedy
2944,4.2,15,"Dirty Dozen, The (1967)",Action|Drama|War
2947,4.5,14,Goldfinger (1964),Action|Adventure|Thriller
2948,4.5,13,From Russia with Love (1963),Action|Adventure|Thriller
2949,4.30769230769,13,Dr. No (1962),Action|Adventure|Thriller
2951,4.18181818182,11,"Fistful of Dollars, A (Per un pugno di dollari) (1964)",Action|Western
2959,4.60714285714,14,Fight Club (1999),Action|Crime|Drama|Thriller
296,4.8,15,Pulp Fiction (1994),Comedy|Crime|Drama|Thriller
2968,4.375,12,Time Bandits (1981),Adventure|Comedy|Fantasy|Sci-Fi
2970,4.4,10,Fitzcarraldo (1982),Adventure|Drama
2973,4.7,10,Crimes and Misdemeanors (1989),Comedy|Crime|Drama
2987,4.57142857143,14,Who Framed Roger Rabbit? (1988),Adventure|Animation|Children|Comedy|Crime|Fantasy|Mystery
2997,4.64285714286,14,Being John Malkovich (1999),Comedy|Drama|Fantasy
300,4.76923076923,13,Quiz Show (1994),Drama
3006,4.625,12,"Insider, The (1999)",Drama|Thriller
3035,4.9,10,Mister Roberts (1955),Comedy|Drama|War
3037,4.27272727273,11,Little Big Man (1970),Western
3052,4.13636363636,11,Dogma (1999),Adventure|Comedy|Fantasy
306,4.375,12,Three Colors: Red (Trois couleurs: Rouge) (1994),Drama
3062,4.41666666667,12,"Longest Day, The (1962)",Action|Drama|War
3068,4.75,10,"Verdict, The (1982)",Drama|Mystery
307,4.05,10,Three Colors: Blue (Trois couleurs: Bleu) (1993),Drama
30707,4.8,10,Million Dollar Baby (2004),Drama
3072,4.15,10,Moonstruck (1987),Comedy|Romance
30749,4.7,10,Hotel Rwanda (2004),Drama|War
30812,4.18181818182,11,"Aviator, The (2004)",Drama
3083,4.75,10,All About My Mother (Todo sobre mi madre) (1999),Drama
3088,4.7,10,Harvey (1950),Comedy|Fantasy
3089,4.58333333333,12,Bicycle Thieves (a.k.a. The Bicycle Thief) (a.k.a. The Bicycle Thieves) (Ladri di biciclette) (1948),Drama
3095,4.64285714286,14,"Grapes of Wrath, The (1940)",Drama
3098,4.2,10,"Natural, The (1984)",Drama
3100,4.6,10,"River Runs Through It, A (1992)",Drama
3101,4.30769230769,13,Fatal Attraction (1987),Drama|Thriller
3104,4.22727272727,11,Midnight Run (1988),Action|Comedy|Crime|Thriller
3105,4.40909090909,11,Awakenings (1990),Drama|Mystery
3107,4.08333333333,12,Backdraft (1991),Action|Drama
3114,4.8,10,Toy Story 2 (1999),Adventure|Animation|Children|Comedy|Fantasy
314,4.3,10,"Secret of Roan Inish, The (1994)",Children|Drama|Fantasy|Mystery
3148,4.28571428571,14,"Cider House Rules, The (1999)",Drama
3152,4.77272727273,11,"Last Picture Show, The (1971)",Drama
3160,4.69230769231,13,Magnolia (1999),Drama
3168,4.5,13,Easy Rider (1969),Adventure|Drama
3174,4.3,10,Man on the Moon (1999),Comedy|Drama
3176,4.5,13,"Talented Mr. Ripley, The (1999)",Drama|Mystery|Thriller
318,4.6,15,"Shawshank Redemption, The (1994)",Crime|Drama
3196,4.59090909091,11,Stalag 17 (1953),Drama|War
32,4.46428571429,14,Twelve Monkeys (a.k.a. 12 Monkeys) (1995),Mystery|Sci-Fi|Thriller
3201,4.65,10,Five Easy Pieces (1970),Drama
3246,4.5,12,Malcolm X (1992),Drama
3252,4.125,12,Scent of a Woman (1992),Drama
3255,4.3,10,"League of Their Own, A (1992)",Comedy|Drama
3260,4.66666666667,12,Howards End (1992),Drama
3271,4.5,12,Of Mice and Men (1992),Drama
3307,4.6,10,City Lights (1931),Comedy|Drama|Romance
33166,4.45,10,Crash (2004),Crime|Drama
3317,4.23076923077,13,Wonder Boys (2000),Comedy|Drama
3334,4.40909090909,11,Key Largo (1948),Crime|Drama|Film-Noir|Thriller
3347,4.22727272727,11,Never Cry Wolf (1983),Adventure|Drama
3359,4.5,11,Breaking Away (1979),Comedy|Drama
3361,4.07692307692,13,Bull Durham (1988),Comedy|Drama|Romance
3362,4.61538461538,13,Dog Day Afternoon (1975),Crime|Drama
3363,4.71428571429,14,American Graffiti (1973),Comedy|Drama
3364,4.5,10,"Asphalt Jungle, The (1950)",Crime|Film-Noir
337,4.26923076923,13,What's Eating Gilbert Grape (1993),Drama
3386,4.46153846154,13,JFK (1991),Drama|Mystery|Thriller
34,4.63333333333,15,Babe (1995),Children|Drama
3408,4.21428571429,14,Erin Brockovich (2000),Drama
3418,4.06666666667,15,Thelma & Louise (1991),Adventure|Crime|Drama
342,4.46153846154,13,Muriel's Wedding (1994),Comedy
3424,4.36363636364,11,Do the Right Thing (1989),Drama
3435,4.92857142857,14,Double Indemnity (1944),Crime|Drama|Film-Noir
3448,4.03333333333,15,"Good Morning, Vietnam (1987)",Comedy|Drama|War
345,4.375,12,"Adventures of Priscilla, Queen of the Desert, The (1994)",Comedy|Drama
3451,4.22727272727,11,Guess Who's Coming to Dinner (1967),Drama
3462,4.5,10,Modern Times (1936),Comedy|Drama|Romance
3467,4.6,10,Hud (1963),Drama|Western
3468,4.85714285714,14,"Hustler, The (1961)",Drama
3469,4.68181818182,11,Inherit the Wind (1960),Drama
3471,4.73333333333,15,Close Encounters of the Third Kind (1977),Adventure|Drama|Sci-Fi
348,4.5,11,Bullets Over Broadway (1994),Comedy
3481,4.55,10,High Fidelity (2000),Comedy|Drama|Romance
349,4.35714285714,14,Clear and Present Danger (1994),Action|Crime|Drama|Thriller
3499,4.55,10,Misery (1990),Drama|Horror|Thriller
3504,5.0,12,Network (1976),Comedy|Drama
3505,4.31818181818,11,No Way Out (1987),Drama|Mystery|Thriller
3508,4.04166666667,12,"Outlaw Josey Wales, The (1976)",Action|Adventure|Drama|Thriller|Western
3526,4.5,11,Parenthood (1989),Comedy|Drama
3535,4.08333333333,12,American Psycho (2000),Crime|Horror|Mystery|Thriller
3545,4.53846153846,13,Cabaret (1972),Drama|Musical
3548,4.45,10,Auntie Mame (1958),Comedy|Drama
3549,4.09090909091,11,Guys and Dolls (1955),Comedy|Musical|Romance
3551,4.16666666667,12,Marathon Man (1976),Crime|Drama|Thriller
356,4.5,15,Forrest Gump (1994),Comedy|Drama|Romance|War
357,4.69230769231,13,Four Weddings and a Funeral (1994),Comedy|Romance
3578,4.03571428571,14,Gladiator (2000),Action|Adventure|Drama
36,4.83333333333,15,Dead Man Walking (1995),Crime|Drama
3634,4.45454545455,11,Seven Days in May (1964),Thriller
364,4.54545454545,11,"Lion King, The (1994)",Adventure|Animation|Children|Drama|Musical|IMAX
3654,4.54166666667,12,"Guns of Navarone, The (1961)",Action|Adventure|Drama|War
3668,4.5,10,Romeo and Juliet (1968),Drama|Romance
3671,4.25,14,Blazing Saddles (1974),Comedy|Western
3681,4.04545454545,11,For a Few Dollars More (Per qualche dollaro in più) (1965),Action|Drama|Thriller|Western
3686,4.15,10,Flatliners (1990),Horror|Sci-Fi|Thriller
3699,4.0,10,Starman (1984),Adventure|Drama|Romance|Sci-Fi
3724,4.45454545455,11,Coming Home (1978),Drama|War
3735,4.7,10,Serpico (1973),Crime|Drama
3741,4.45454545455,11,Badlands (1973),Crime|Drama|Thriller
3751,4.68181818182,11,Chicken Run (2000),Animation|Children|Comedy
377,4.21428571429,14,Speed (1994),Action|Romance|Thriller
3801,4.61538461538,13,Anatomy of a Murder (1959),Drama|Mystery
3811,4.81818181818,11,Breaker Morant (1980),Drama|War
3897,4.66666666667,15,Almost Famous (2000),Drama
3911,4.38461538462,13,Best in Show (2000),Comedy
3949,4.6,10,Requiem for a Dream (2000),Drama
3967,4.55,10,Billy Elliot (2000),Drama
3996,4.35714285714,14,"Crouching Tiger, Hidden Dragon (Wo hu cang long) (2000)",Action|Drama|Romance
4002,4.45454545455,11,"Planes, Trains & Automobiles (1987)",Comedy
4007,4.11538461538,13,Wall Street (1987),Drama
4008,4.32142857143,14,Born on the Fourth of July (1989),Drama|War
4022,4.07142857143,14,Cast Away (2000),Drama
4027,4.2,15,"O Brother, Where Art Thou? (2000)",Adventure|Comedy|Crime
4034,4.53333333333,15,Traffic (2000),Crime|Drama|Thriller
4047,4.1,10,Gettysburg (1993),Drama|War
41,4.375,12,Richard III (1995),Drama|War
410,4.04166666667,12,Addams Family Values (1993),Children|Comedy|Fantasy
412,4.5,10,"Age of Innocence, The (1993)",Drama
4226,4.75,14,Memento (2000),Mystery|Thriller
4235,4.18181818182,11,Amores Perros (Love's a Bitch) (2000),Drama|Thriller
4246,4.05,10,Bridget Jones's Diary (2001),Comedy|Drama|Romance
428,4.29166666667,12,"Bronx Tale, A (1993)",Drama
4280,4.4,10,"World According to Garp, The (1982)",Comedy|Drama|Romance
4292,4.125,12,Norma Rae (1979),Drama
4306,4.57142857143,14,Shrek (2001),Adventure|Animation|Children|Comedy|Fantasy|Romance
431,4.36363636364,11,Carlito's Way (1993),Crime|Drama
4318,4.2,10,Postcards From the Edge (1990),Comedy|Drama
4321,4.27272727273,11,City Slickers (1991),Comedy|Western
4326,4.21428571429,14,Mississippi Burning (1988),Crime|Drama|Thriller
4327,4.45833333333,12,"Magnificent Seven, The (1960)",Adventure|Western
4361,4.76666666667,15,Tootsie (1982),Comedy|Romance
4370,4.14285714286,14,A.I. Artificial Intelligence (2001),Adventure|Drama|Sci-Fi
440,4.33333333333,15,Dave (1993),Comedy|Romance
4427,4.65,10,"Lion in Winter, The (1968)",Drama
446,4.36363636364,11,Farewell My Concubine (Ba wang bie ji) (1993),Drama|Romance
4464,4.85,10,"Accidental Tourist, The (1988)",Comedy|Drama|Romance
4465,4.63636363636,11,"Accused, The (1988)",Drama
4467,4.3,10,"Adventures of Baron Munchausen, The (1988)",Adventure|Comedy|Fantasy
45,4.13636363636,11,To Die For (1995),Comedy|Drama|Thriller
457,4.26666666667,15,"Fugitive, The (1993)",Thriller
47,4.53333333333,15,Seven (a.k.a. Se7en) (1995),Mystery|Thriller
471,4.40909090909,11,"Hudsucker Proxy, The (1994)",Comedy
4720,4.20833333333,12,"Others, The (2001)",Drama|Horror|Mystery|Thriller
474,4.53571428571,14,In the Line of Fire (1993),Action|Thriller
475,4.5,14,In the Name of the Father (1993),Drama
4776,4.0,12,Training Day (2001),Crime|Drama|Thriller
480,4.75,14,Jurassic Park (1993),Action|Adventure|Sci-Fi|Thriller
4848,4.09090909091,11,Mulholland Drive (2001),Crime|Drama|Film-Noir|Mystery|Thriller
4855,4.6,10,Dirty Harry (1971),Action|Crime|Thriller
4886,4.66666666667,12,"Monsters, Inc. (2001)",Adventure|Animation|Children|Comedy|Fantasy
4896,4.3,15,Harry Potter and the Sorcerer's Stone (a.k.a. Harry Potter and the Philosopher's Stone) (2001),Adventure|Children|Fantasy
4903,4.6,10,In the Bedroom (2001),Drama
494,4.18181818182,11,Executive Decision (1996),Action|Adventure|Thriller
4969,4.9,10,And Then There Were None (1945),Crime|Mystery
497,4.45454545455,11,Much Ado About Nothing (1993),Comedy|Romance
4973,4.9,15,"Amelie (Fabuleux destin d'Amélie Poulain, Le) (2001)",Comedy|Romance
4979,4.31818181818,11,"Royal Tenenbaums, The (2001)",Comedy|Drama
4993,4.83333333333,15,"Lord of the Rings: The Fellowship of the Ring, The (2001)",Adventure|Fantasy
4995,4.9,15,"Beautiful Mind, A (2001)",Drama|Romance
50,4.76666666667,15,"Usual Suspects, The (1995)",Crime|Mystery|Thriller
5008,4.85,10,Witness for the Prosecution (1957),Drama|Mystery|Thriller
5010,4.39285714286,14,Black Hawk Down (2001),Action|Drama|War
5013,4.53846153846,13,Gosford Park (2001),Comedy|Drama|Mystery
5060,4.8,15,M*A*S*H (a.k.a. MASH) (1970),Comedy|Drama|War
508,4.26666666667,15,Philadelphia (1993),Drama
509,4.46666666667,15,"Piano, The (1993)",Drama|Romance
5120,4.79166666667,12,Sleuth (1972),Comedy|Mystery|Thriller
515,4.71428571429,14,"Remains of the Day, The (1993)",Drama|Romance
527,4.93333333333,15,Schindler's List (1993),Drama|War
529,4.35,10,Searching for Bobby Fischer (1993),Drama
5291,4.85,10,Rashomon (Rashômon) (1950),Crime|Drama|Mystery
534,4.35,10,Shadowlands (1993),Drama|Romance
5349,4.21428571429,14,Spider-Man (2002),Action|Adventure|Sci-Fi|Thriller
539,4.07142857143,14,Sleepless in Seattle (1993),Comedy|Drama|Romance
541,4.03333333333,15,Blade Runner (1982),Action|Sci-Fi|Thriller
5418,4.125,12,"Bourne Identity, The (2002)",Action|Mystery|Thriller
5445,4.64285714286,14,Minority Report (2002),Action|Crime|Mystery|Sci-Fi|Thriller
5464,4.04166666667,12,Road to Perdition (2002),Crime|Drama
5618,4.54545454545,11,Spirited Away (Sen to Chihiro no kamikakushi) (2001),Adventure|Animation|Fantasy
5669,4.31818181818,11,Bowling for Columbine (2002),Documentary
58,4.63636363636,11,"Postman, The (Postino, Il) (1994)",Comedy|Drama|Romance
5816,4.34615384615,13,Harry Potter and the Chamber of Secrets (2002),Adventure|Fantasy
588,4.75,12,Aladdin (1992),Adventure|Animation|Children|Comedy|Musical
589,4.28571428571,14,Terminator 2: Judgment Day (1991),Action|Sci-Fi
590,4.66666666667,15,Dances with Wolves (1990),Adventure|Drama|Western
5902,4.6,10,Adaptation (2002),Comedy|Drama|Romance
592,4.33333333333,15,Batman (1989),Action|Crime|Thriller
593,4.86666666667,15,"Silence of the Lambs, The (1991)",Crime|Horror|Thriller
594,4.7,15,Snow White and the Seven Dwarfs (1937),Animation|Children|Drama|Fantasy|Musical
5945,4.375,12,About Schmidt (2002),Comedy|Drama
595,4.82142857143,14,Beauty and the Beast (1991),Animation|Children|Fantasy|Musical|Romance|IMAX
5952,4.92307692308,13,"Lord of the Rings: The Two Towers, The (2002)",Adventure|Fantasy
596,4.82142857143,14,Pinocchio (1940),Animation|Children|Fantasy|Musical
5989,4.09090909091,11,Catch Me If You Can (2002),Crime|Drama
599,4.2,10,"Wild Bunch, The (1969)",Adventure|Western
5991,4.29166666667,12,Chicago (2002),Comedy|Crime|Drama|Musical
5992,4.75,10,"Hours, The (2002)",Drama|Romance
5995,4.86363636364,11,"Pianist, The (2002)",Drama|War
6,4.04545454545,11,Heat (1995),Action|Crime|Thriller
6016,4.54166666667,12,City of God (Cidade de Deus) (2002),Action|Adventure|Crime|Drama|Thriller
608,4.86666666667,15,Fargo (1996),Comedy|Crime|Drama|Thriller
62,4.11538461538,13,Mr. Holland's Opus (1995),Drama
628,4.15,10,Primal Fear (1996),Crime|Drama|Mystery|Thriller
6333,4.18181818182,11,X2: X-Men United (2003),Action|Adventure|Sci-Fi|Thriller
6377,4.75,12,Finding Nemo (2003),Adventure|Animation|Children|Comedy
647,4.07692307692,13,Courage Under Fire (1996),Action|Crime|Drama|War
6539,4.20833333333,12,Pirates of the Caribbean: The Curse of the Black Pearl (2003),Action|Adventure|Comedy|Fantasy
661,4.08333333333,12,James and the Giant Peach (1996),Adventure|Animation|Children|Fantasy|Musical
6711,4.45,10,Lost in Translation (2003),Comedy|Drama|Romance
6870,4.4,10,Mystic River (2003),Crime|Drama|Mystery
6874,4.2,10,Kill Bill: Vol. 1 (2003),Action|Crime|Thriller
6947,4.4,10,Master and Commander: The Far Side of the World (2003),Adventure|Drama|War
708,4.18181818182,11,"Truth About Cats & Dogs, The (1996)",Comedy|Romance
7153,4.86363636364,11,"Lord of the Rings: The Return of the King, The (2003)",Action|Adventure|Drama|Fantasy
73,4.45454545455,11,"Misérables, Les (1995)",Drama|War
733,4.1,10,"Rock, The (1996)",Action|Adventure|Thriller
7361,4.45833333333,12,Eternal Sunshine of the Spotless Mind (2004),Drama|Romance|Sci-Fi
7373,4.2,10,Hellboy (2004),Action|Adventure|Fantasy|Horror
750,4.86666666667,15,Dr. Strangelove or: How I Learned to Stop Worrying and Love the Bomb (1964),Comedy|War
778,4.57142857143,14,Trainspotting (1996),Comedy|Crime|Drama
780,4.0,15,Independence Day (a.k.a. ID4) (1996),Action|Adventure|Sci-Fi|Thriller
800,4.3,10,Lone Star (1996),Drama|Mystery|Western
832,4.0,11,Ransom (1996),Crime|Thriller
8360,4.22727272727,11,Shrek 2 (2004),Adventure|Animation|Children|Comedy|Musical|Romance
8368,4.5,11,Harry Potter and the Prisoner of Azkaban (2004),Adventure|Fantasy|IMAX
8464,4.15,10,Super Size Me (2004),Comedy|Documentary|Drama
85,4.0,10,Angels and Insects (1995),Drama|Romance
858,4.93333333333,15,"Godfather, The (1972)",Crime|Drama
8636,4.125,12,Spider-Man 2 (2004),Action|Adventure|Sci-Fi|IMAX
8961,4.72727272727,11,"Incredibles, The (2004)",Action|Adventure|Animation|Children|Comedy
898,4.5,12,"Philadelphia Story, The (1940)",Comedy|Drama|Romance
899,4.92857142857,14,Singin' in the Rain (1952),Comedy|Musical|Romance
900,4.45454545455,11,"American in Paris, An (1951)",Musical|Romance
902,4.53571428571,14,Breakfast at Tiffany's (1961),Drama|Romance
903,4.66666666667,15,Vertigo (1958),Drama|Mystery|Romance|Thriller
904,4.83333333333,15,Rear Window (1954),Mystery|Thriller
905,4.91666666667,12,It Happened One Night (1934),Comedy|Romance
906,4.55,10,Gaslight (1944),Drama|Thriller
908,4.82142857143,14,North by Northwest (1959),Action|Adventure|Mystery|Romance|Thriller
909,4.84615384615,13,"Apartment, The (1960)",Comedy|Drama|Romance
910,4.71428571429,14,Some Like It Hot (1959),Comedy|Crime
911,4.33333333333,12,Charade (1963),Comedy|Crime|Mystery|Romance|Thriller
912,5.0,15,Casablanca (1942),Drama|Romance
913,4.8,15,"Maltese Falcon, The (1941)",Film-Noir|Mystery
914,4.64285714286,14,My Fair Lady (1964),Comedy|Drama|Musical|Romance
915,4.41666666667,12,Sabrina (1954),Comedy|Romance
916,4.55,10,Roman Holiday (1953),Comedy|Drama|Romance
919,4.7,15,"Wizard of Oz, The (1939)",Adventure|Children|Fantasy|Musical
920,4.8,15,Gone with the Wind (1939),Drama|Romance|War
922,4.75,14,Sunset Blvd. (a.k.a. Sunset Boulevard) (1950),Drama|Film-Noir|Romance
923,4.8,15,Citizen Kane (1941),Drama|Mystery
924,4.6,15,2001: A Space Odyssey (1968),Adventure|Drama|Sci-Fi
926,4.73076923077,13,All About Eve (1950),Drama
928,4.39285714286,14,Rebecca (1940),Drama|Mystery|Romance|Thriller
930,4.70833333333,12,Notorious (1946),Film-Noir|Romance|Thriller
933,4.33333333333,12,To Catch a Thief (1955),Crime|Mystery|Romance|Thriller
934,4.9,10,Father of the Bride (1950),Comedy
936,4.75,12,Ninotchka (1939),Comedy|Romance
938,4.35,10,Gigi (1958),Musical
940,4.90909090909,11,"Adventures of Robin Hood, The (1938)",Action|Adventure|Romance
942,4.7,10,Laura (1944),Crime|Film-Noir|Mystery
944,4.9,10,Lost Horizon (1937),Drama
949,4.9,10,East of Eden (1955),Drama
950,4.95454545455,11,"Thin Man, The (1934)",Comedy|Crime
951,4.54545454545,11,His Girl Friday (1940),Comedy|Romance
953,5.0,15,It's a Wonderful Life (1946),Drama|Fantasy|Romance
954,4.75,14,Mr. Smith Goes to Washington (1939),Drama
955,4.5,10,Bringing Up Baby (1938),Comedy|Romance
965,4.8,10,"39 Steps, The (1935)",Drama|Mystery|Thriller
969,4.71428571429,14,"African Queen, The (1951)",Adventure|Comedy|Romance|War
971,4.69230769231,13,Cat on a Hot Tin Roof (1958),Drama
991,4.05,10,Michael Collins (1996),Drama
